Model,MAE_log,RMSE_log,R2_log,MAE_raw,RMSE_raw
Random Forest,0.03395057363658229,0.2637249443389016,0.8111716658780064,2.0837246685969064,35.4937793927465
LightGBM,0.041743760534856025,0.268511147850974,0.80425558241125,2.0118343544289865,34.962901518508936
XGBoost,0.03719569229175633,0.2791192310404327,0.7884834944021024,2.0459463127599102,34.928601606488776
Linear Regression,0.13226701980086925,0.44912971769129256,0.452343398267983,2.841806753193093,38.477407460586704
Ridge Regression,0.13185710178787266,0.44938407017401605,0.4517229215788682,2.8425537070437112,38.48209908585592
Lasso Regression,0.12891224150987987,0.4502074534897567,0.4497119211633017,2.845389310605204,38.49796478107385
Mean Baseline,0.15022774755926796,0.6069007412058285,-1.8152523462156012e-07,2.956790204069361,39.180252847250344
