Model,AUC,F1-score,Precision,Recall,Accuracy
Logistic Regression,0.564454331973798,0.8429752066115702,0.9147982062780269,0.7816091954022989,0.7397260273972602
Random Forest,0.5728587319243603,0.9316081330868762,0.9,0.9655172413793104,0.8732876712328768
XGBoost,0.5681621554813991,0.9375,0.901060070671378,0.9770114942528736,0.8835616438356164
LightGBM,0.5252749969101471,0.9413919413919414,0.9017543859649123,0.9846743295019157,0.8904109589041096
