region_group,automotivo,bebes,beleza_saude,brinquedos,cama_mesa_banho,cool_stuff,esporte_lazer,ferramentas_jardim,informatica_acessorios,moveis_decoracao,moveis_escritorio,perfumaria,relogios_presentes,telefonia,utilidades_domesticas
Other High-volume States,0.05577630962492697,0.04092040461617397,0.11305595107396466,0.04671766742330318,0.11245146249366643,0.05746510564632119,0.09793070926604874,0.04567692868315275,0.08914765372877377,0.07840280796063166,0.02682187677240928,0.038450268705616755,0.0986461065748924,0.02862652841210736,0.0699102190180107
Priority Problem Regions,0.05482649162266289,0.035236839407205026,0.12329848606467289,0.0463520095987034,0.09145593491832817,0.06242157262717741,0.09137902944307313,0.054720379932397006,0.08115654818702477,0.06875740799771816,0.03311204012845542,0.03591918115775366,0.12814022370866512,0.03844393156268892,0.05477992364347425
